{
  "accuracy": 0.9095097677847401,
  "precision": 0.34560906515580736,
  "recall": 0.8937728937728938,
  "f1_score": 0.49846782431052095,
  "timestamp": "2025-11-04T03:40:19.016824",
  "model_type": "baseline"
}