{
  "accuracy": 0.9106155547364541,
  "precision": 0.34770114942528735,
  "recall": 0.8864468864468864,
  "f1_score": 0.499484004127967,
  "timestamp": "2025-11-04T03:40:31.052968",
  "model_type": "retrained",
  "training_samples": 30742
}